Building ID,Building Class,construction_site,flower_pot,open_tank,polythene,reservoir,tyres,Object Count
B_9250_1674_921_721_55,1,1,0,0,0,0,0,1
B_9734_2265_550_655_57,1,0,14,0,0,0,0,14
B_10111_2719_559_515_54,0,0,0,0,0,0,0,0
B_9505_2759_479_693_70,1,0,1,0,0,0,0,1
B_9344_3477_660_739_75,1,0,3,0,0,0,0,3
B_10082_4008_449_476_77,1,0,2,0,0,0,0,2
B_10639_3805_361_660_75,1,0,10,0,0,0,0,10
B_10970_4197_498_572_72,1,0,1,0,0,0,0,1
B_10780_4776_388_549_70,0,0,0,0,0,0,0,0
B_11391_5061_382_805_73,1,0,49,0,0,0,0,49
B_12001_5319_486_560_62,1,0,20,0,0,0,0,20
B_11893_5939_426_470_65,1,0,15,0,0,0,0,15
B_11440_6111_400_479_71,1,0,2,0,0,0,0,2
B_11912_6526_589_262_65,1,0,7,0,1,0,0,8
B_12175_6389_572_299_65,1,0,13,0,0,0,0,13
B_12636_6359_355_469_65,1,0,29,0,0,0,0,29
B_12881_6875_434_670_70,1,0,16,0,0,0,0,16
B_10528_7074_578_595_78,1,0,2,0,0,0,0,2
B_11085_6950_380_511_77,1,0,7,0,0,0,0,7
B_8498_6792_465_1471_89,1,3,6,0,0,0,0,9
B_8679_7245_1002_525_0,1,0,30,0,0,0,0,30
B_7764_7266_722_684_4,1,0,9,0,0,0,0,9
B_7745_8207_735_430_5,1,0,41,0,0,0,0,41
B_7738_8687_731_516_6,0,0,0,0,1,0,0,1
B_7674_9155_463_823_88,1,0,31,2,0,0,0,33
B_7692_9794_563_738_87,1,0,13,0,0,0,0,13
B_7748_10312_413_730_87,1,0,5,0,0,0,0,5
B_7982_10789_530_427_80,1,0,23,0,0,0,0,23
B_7936_11306_377_707_80,1,0,19,0,0,0,0,19
B_8609_11025_459_518_79,1,1,14,0,0,0,0,15
B_9142_10934_446_534_78,0,0,0,0,0,0,0,0
B_9744_10819_469_638_79,1,0,13,0,0,0,0,13
B_9222_10443_473_773_77,1,0,12,0,2,0,0,14
B_8885_9830_638_1306_81,1,1,1,0,0,0,0,2
B_9121_9018_848_306_1,1,0,32,0,0,0,0,32
B_9138_9339_325_817_90,1,0,25,0,0,0,1,26
B_9102_8707_930_282_0,1,0,13,0,0,0,0,13
B_8706_6315_384_640_78,1,0,5,0,0,0,0,5
B_8627_5939_374_618_80,1,0,2,0,0,0,0,2
B_9106_4301_544_591_76,0,0,1,0,0,0,0,1
B_8724_3702_610_522_74,1,2,0,0,2,0,1,5
B_8975_3042_640_409_69,1,0,3,0,0,0,0,3
B_10370_1082_651_603_53,1,0,47,0,0,0,0,47
B_10552_1744_403_807_54,1,0,14,0,0,0,0,14
B_9890_1282_1034_357_56,1,0,46,0,0,0,0,46
B_10910_2112_492_970_58,1,0,1,1,0,0,0,2
B_11548_2328_512_628_63,1,0,8,0,0,0,0,8
B_10931_2604_389_626_64,1,0,16,0,0,0,0,16
B_11123_3110_498_471_66,1,0,7,0,0,0,0,7
B_11565_2905_527_451_65,1,0,17,0,0,0,0,17
B_11502_3733_712_448_61,1,0,33,0,1,0,0,34
B_11933_4278_622_685_62,1,0,15,0,0,0,0,15
B_12406_4636_243_679_63,1,0,0,0,1,0,0,1
B_12567_4873_337_707_60,1,0,14,0,0,0,0,14
B_12893_5149_434_765_61,1,0,1,0,0,0,0,1
B_12327_5716_378_450_64,1,0,1,0,0,0,0,1
B_13681_5419_541_371_69,1,0,1,0,0,0,0,1
B_13151_5585_448_744_67,1,0,15,0,0,0,0,15
B_13495_5989_462_736_78,1,0,55,0,0,0,1,56
B_14229_5853_564_716_82,1,0,30,0,1,0,0,31
B_14432_5290_454_299_74,1,0,2,0,0,0,1,3
B_14785_5694_672_354_86,1,0,10,0,0,0,0,10
B_15225_5701_624_445_87,0,0,0,0,0,0,0,0
B_15121_6307_451_616_77,1,0,8,0,2,0,0,10
B_14464_6481_512_649_78,0,0,0,0,0,0,0,0
B_15185_6866_538_453_78,1,0,3,0,0,0,0,3
B_14584_6969_445_573_81,0,0,0,0,0,0,0,0
B_14817_7446_482_435_80,1,0,19,0,0,0,1,20
B_15551_7350_449_435_85,1,0,14,0,0,0,0,14
B_15173_7399_496_294_81,0,0,0,0,0,0,0,0
B_14435_7501_457_320_75,0,0,0,0,0,0,0,0
B_14393_8048_481_535_81,1,0,30,0,0,0,0,30
B_14946_7990_493_489_79,1,1,17,0,0,0,0,18
B_15433_7923_462_502_79,1,0,0,0,1,0,0,1
B_14951_8601_621_1259_82,1,0,1,0,0,0,0,1
B_14955_8599_609_1241_82,1,0,0,0,0,0,0,0
B_15906_8448_634_529_82,0,0,0,0,0,0,0,0
B_14606_9441_650_405_80,1,0,12,0,0,0,0,12
B_15014_9389_700_344_82,0,0,0,0,0,0,0,0
B_15483_9354_674_592_81,1,2,22,0,1,0,0,25
B_15018_10040_466_888_83,1,0,11,0,0,0,0,11
B_15200_10597_627_521_85,1,0,5,0,0,0,0,5
B_15681_10463_596_410_82,1,0,0,0,0,0,0,0
B_15659_9965_424_495_82,0,0,5,0,1,0,0,6
B_16052_9269_664_430_82,0,0,0,0,0,0,0,0
B_16141_9922_497_398_82,0,0,0,0,0,0,0,0
B_2501_5414_1589_1294_86,0,0,0,0,0,0,2,2
B_3214_9186_576_1484_87,1,0,0,0,0,1,2,3
B_4614_8959_933_950_42,0,1,0,0,0,0,0,1
B_4079_9937_907_742_82,0,0,0,0,0,0,0,0
B_4795_10083_1141_587_82,0,0,0,0,0,0,0,0
B_4642_12373_485_495_89,0,1,0,0,0,0,0,1
B_5811_12600_668_575_79,0,0,0,0,0,0,0,0
B_4335_11443_904_698_81,1,0,57,0,1,0,0,58
B_4966_11311_1279_596_80,1,1,79,0,0,0,1,81
B_5223_12553_899_526_88,1,2,67,0,0,0,0,69
B_4685_12801_419_590_85,1,0,5,0,0,0,0,5
B_14572_4664_396_696_33,0,0,0,0,0,0,0,0
B_14079_4396_719_428_47,0,0,0,0,0,0,0,0
B_15568_6244_367_288_82,0,0,14,0,0,0,0,14
B_13614_4759_485_788_60,0,0,0,0,0,0,0,0
B_13226_4392_564_404_56,1,0,8,0,0,0,0,8
B_13241_3648_687_540_57,1,0,5,2,0,0,1,8
B_12805_3899_664_398_59,1,0,6,0,0,0,0,6
B_13105_2934_720_309_59,0,0,0,0,0,0,0,0
B_12434_3330_716_561_58,0,0,0,0,0,0,0,0
B_12463_2349_663_308_57,0,0,0,0,0,0,0,0
B_12163_2585_666_328_56,1,0,21,0,1,0,0,22
B_13025_1918_540_636_57,0,0,0,0,0,0,0,0
B_12423_4056_674_384_60,1,0,19,0,0,0,0,19
B_9104_2318_472_561_68,1,1,8,0,0,0,0,9
B_8488_3131_531_515_73,1,0,2,0,0,0,0,2
B_7979_3412_674_343_69,1,0,32,0,0,0,0,32
B_7289_2720_155_266_63,0,0,0,0,0,0,0,0
B_7317_3043_595_409_65,1,0,6,0,0,0,0,6
B_6926_3202_625_374_71,1,0,38,0,0,0,0,38
B_7651_3556_607_342_69,1,0,14,0,0,0,0,14
B_7240_3708_547_495_71,1,0,3,0,0,0,0,3
B_6819_3856_537_339_68,1,0,36,0,0,0,0,36
B_7019_4596_832_329_71,1,0,22,0,0,0,0,22
B_6821_1421_425_478_83,0,0,1,0,0,0,0,1
B_6539_3365_576_445_73,1,1,14,0,0,0,0,15
B_6141_3519_518_440_76,1,0,13,0,0,0,0,13
B_6623_4651_618_408_75,1,0,29,0,0,0,0,29
B_6582_5431_562_408_86,1,0,39,1,0,0,0,40
B_6889_6223_297_345_6,1,0,6,0,0,0,0,6
B_6078_7520_2587_519_89,1,0,4,0,1,0,0,5
B_6830_6511_855_260_3,1,0,18,0,0,0,0,18
B_6836_7062_857_802_3,1,0,11,0,0,0,0,11
B_6850_7667_813_441_2,1,0,32,0,0,0,0,32
B_6739_9302_788_475_1,1,0,2,0,0,0,0,2
B_6335_9747_379_549_88,1,0,3,0,0,0,0,3
B_5693_9311_1150_413_0,0,0,0,0,0,0,0,0
B_12206_7110_452_700_71,1,0,0,0,1,0,0,1
B_12775_7830_1124_807_70,1,1,136,0,1,0,0,138
B_13426_7567_411_372_70,1,0,31,0,0,0,0,31
B_13631_8060_519_562_79,1,0,6,0,0,0,0,6
B_13903_6523_479_408_77,1,0,11,0,0,0,0,11
B_13537_6578_527_341_69,1,0,17,0,0,0,0,17
B_13955_7041_462_537_77,1,0,1,0,0,0,0,1
B_14078_7536_464_317_74,0,0,0,0,0,0,0,0
B_13658_9367_448_487_80,1,0,11,0,0,0,0,11
B_13862_10335_352_809_83,1,0,1,0,0,0,1,2
B_15257_11433_706_283_87,1,0,0,2,0,0,0,2
B_14752_11590_802_452_87,0,0,0,0,0,0,0,0
B_15403_12020_462_519_87,1,0,7,0,0,0,0,7
B_15444_12435_371_553_87,1,0,2,0,2,0,0,4
B_15443_12820_386_540_85,1,0,11,0,0,0,0,11
B_14744_12300_506_481_86,1,0,8,0,0,0,0,8
B_14769_12832_456_559_88,1,0,15,0,0,0,0,15
B_14746_13258_298_545_89,0,0,0,0,0,0,0,0
B_15481_13199_303_584_84,1,0,3,1,0,0,0,4
B_15933_13246_393_266_84,0,0,0,0,0,0,0,0
B_14114_11576_774_536_0,0,0,0,0,0,0,0,0
B_14135_12186_520_694_86,0,0,3,0,0,0,0,3
B_13405_11743_323_620_86,1,0,1,0,0,0,0,1
B_13424_12075_333_615_86,1,0,1,0,0,0,0,1
B_13429_12431_376_497_83,0,0,0,0,0,0,0,0
B_13208_13294_409_500_82,0,0,0,0,0,0,0,0
B_12893_12526_460_496_84,0,0,0,0,0,0,0,0
B_13087_9428_598_603_76,0,0,0,0,0,0,0,0
B_12983_8827_520_555_80,1,0,30,0,0,0,0,30
B_12382_8978_610_546_72,1,0,7,0,0,0,0,7
B_11744_8734_354_501_78,0,0,3,0,0,0,0,3
B_11316_8879_436_426_78,1,0,0,0,0,0,0,0
B_11584_9223_391_809_77,0,0,0,0,0,0,0,0
B_11378_8417_452_475_68,1,0,15,0,0,0,0,15
B_11191_8028_420_429_65,1,0,11,0,0,0,0,11
B_10937_7592_638_441_56,1,0,3,0,0,0,0,3
B_10763_8151_498_437_68,1,0,2,0,0,0,0,2
B_11684_7269_454_380_74,1,0,24,0,0,0,0,24
B_11573_6628_229_424_69,0,0,0,0,0,0,0,0
B_11756_7777_494_776_69,1,0,15,0,0,0,0,15
B_12544_9746_198_503_73,0,0,1,0,1,0,0,2
B_11276_11143_564_316_75,0,0,0,0,0,0,0,0
B_10899_11172_552_344_72,1,0,2,0,0,0,0,2
B_10528_11252_618_403_71,1,0,41,0,0,0,0,41
B_10824_11859_646_503_74,1,0,5,0,0,0,0,5
B_11515_12534_967_1443_77,1,0,11,0,0,0,0,11
B_11723_13081_620_514_80,1,0,3,0,0,0,0,3
B_11263_13261_351_467_77,0,0,0,0,0,0,0,0
B_11304_13622_288_242_81,1,0,19,0,0,0,2,21
B_11864_13588_410_529_79,1,0,15,1,0,0,0,16
B_10310_13050_661_844_82,0,0,0,0,0,0,0,0
B_9613_13097_416_470_76,0,0,0,0,0,0,0,0
B_9559_11895_401_691_79,1,0,7,0,0,0,0,7
B_10240_12225_618_513_75,0,0,0,0,0,0,0,0
B_9312_12433_465_1228_78,1,0,10,0,0,0,0,10
B_8894_12052_447_689_78,0,0,0,0,0,0,0,0
B_8750_11577_495_529_79,0,0,0,0,0,0,0,0
B_8817_13304_529_795_82,0,0,0,0,0,0,0,0
B_9597_11428_458_1185_79,0,0,0,0,0,0,0,0
B_9884_9166_557_431_81,1,0,10,0,0,0,1,11
B_10293_9076_497_403_80,0,0,0,0,0,0,0,0
B_10153_9576_344_858_78,1,0,27,0,0,0,0,27
B_10348_10272_365_724_78,0,0,2,0,0,0,0,2
B_9924_8635_486_590_83,1,0,21,0,0,0,0,21
B_10416_8545_503_416_81,0,0,0,0,0,0,0,0
B_4671_7952_2025_1044_6,1,0,30,0,0,0,0,30
B_5850_4800_814_712_83,0,0,0,0,0,0,0,0
B_4111_3902_612_859_83,0,0,0,0,0,0,0,0
B_5197_3982_1005_1158_84,0,0,0,0,0,0,0,0
B_4241_10716_569_660_86,1,0,7,0,0,0,0,7
B_6385_10659_458_641_83,0,0,0,0,0,0,0,0
B_6458_11101_445_647_83,0,0,0,0,0,0,0,0
B_6559_11644_715_641_83,1,0,2,0,0,0,0,2
B_5708_11473_1064_764_83,1,0,1,0,0,0,0,1
B_10015_7208_489_484_79,1,0,11,0,0,0,0,11
B_9949_7713_318_554_81,1,0,7,0,0,0,0,7
B_10092_8125_491_896_77,0,0,0,0,0,0,0,0
B_8788_8284_1347_513_2,0,0,0,0,0,0,0,0
B_10404_3104_397_435_64,1,0,8,0,0,0,0,8
B_8153_4325_945_464_72,1,0,3,0,0,0,0,3
B_7143_5463_640_717_84,1,0,48,0,0,0,0,48
B_7276_5911_684_340_5,1,0,7,0,0,0,0,7
B_8024_11827_607_709_80,1,0,53,0,0,0,0,53
B_7970_12512_610_390_81,0,0,0,0,0,0,0,0
B_8339_12442_616_313_79,0,0,0,0,0,0,0,0
B_8090_13288_506_554_82,0,0,0,0,0,0,0,0
B_8036_13791_471_362_82,0,0,0,0,0,0,0,0
B_7407_13392_430_570_80,0,0,0,0,0,0,0,0
B_6965_13532_634_353_81,1,0,1,0,0,0,0,1
B_7485_13936_183_574_79,0,0,0,0,0,0,0,0
B_6571_13649_664_423_81,1,0,16,0,0,0,0,16
B_6248_13956_331_218_80,1,0,5,0,0,0,0,5
B_5500_13466_612_477_86,1,1,7,0,0,0,0,8
B_4747_13333_644_689_0,1,0,10,0,0,0,0,10
B_4555_11741_360_360_85,0,0,0,0,0,0,0,0
B_5876_2447_874_618_75,1,0,12,0,1,0,0,13
B_5361_2771_457_558_75,1,0,41,0,0,0,0,41
B_5271_2339_391_498_76,1,0,4,0,0,0,0,4
B_5311_1836_299_632_79,0,0,0,0,0,0,0,0
B_4466_2246_371_1052_78,0,0,0,0,0,0,0,0
B_4841_2552_395_373_77,0,0,0,0,0,0,0,0
B_4318_2674_323_532_78,0,0,0,0,0,0,0,0
B_4551_2992_337_1128_79,1,0,8,0,0,0,0,8
B_3452_2137_536_576_86,0,0,0,0,0,0,0,0
B_2931_2238_448_358_83,0,0,0,0,0,0,0,0
B_2999_3010_821_391_85,1,0,30,0,0,0,0,30
B_2591_2878_457_370_86,1,0,22,0,0,0,0,22
B_3482_2656_456_632_83,1,0,17,0,0,0,0,17
B_3380_3136_436_359_83,1,0,10,0,0,0,0,10
B_2056_2508_652_484_85,1,0,8,0,0,0,0,8
B_2061_3056_353_448_85,1,0,0,0,0,0,0,0
B_2102_3372_442_426_84,1,0,3,0,0,0,0,3
B_1649_2884_650_418_89,0,0,0,0,0,0,0,0
B_1711_3458_493_387_84,0,0,0,0,0,0,0,0
B_2378_4051_293_882_76,0,0,2,0,1,0,0,3
B_1602_5459_1327_475_86,0,0,0,0,0,0,0,0
B_1562_7333_2499_395_87,0,0,0,0,0,0,0,0
B_2021_8107_2626_376_86,0,0,0,0,0,0,0,0
B_2139_9818_647_372_82,1,0,1,0,0,0,0,1
B_2247_10455_675_365_81,0,0,2,0,0,0,0,2
B_1538_10705_1325_223_89,0,0,4,0,0,0,1,5
B_1835_11268_1042_550_84,1,0,1,0,0,0,0,1
B_2335_11080_595_433_85,1,0,19,0,0,0,0,19
B_2379_11621_499_452_81,0,0,5,0,0,0,0,5
B_2898_11509_788_584_81,1,0,8,0,0,0,0,8
B_2820_10988_405_571_81,1,0,3,0,0,0,0,3
B_3660_11772_277_628_84,0,0,0,0,0,0,0,0
B_3278_12506_856_569_88,1,0,19,0,3,0,2,24
B_2676_12382_625_308_87,1,0,10,0,0,0,0,10
B_2137_12371_692_627_0,1,0,7,0,0,0,1,8
B_2676_12892_312_423_85,1,0,6,0,1,0,0,7
B_1756_13075_632_591_85,0,0,0,0,0,0,0,0
B_2279_13209_224_437_85,1,0,3,0,0,0,0,3
B_2369_13653_496_356_82,0,0,0,0,0,0,0,0
B_2801_14081_573_413_85,0,0,0,0,0,0,0,0
B_1583_12400_722_364_88,0,0,2,0,1,0,0,3
B_3042_9866_290_330_81,0,0,1,0,0,0,0,1
B_12196_13115_495_398_69,0,0,0,0,0,0,0,0
B_12641_13014_525_426_70,1,0,3,0,0,0,0,3
B_8311_13740_436_218_81,0,0,0,0,0,0,0,0
B_14263_13608_124_338_85,1,0,4,0,0,0,0,4
B_13647_2628_767_778_57,0,0,0,0,0,0,0,0
B_15547_6838_413_231_83,0,0,1,0,0,0,0,1
B_15975_12029_240_540_85,0,0,0,0,0,0,0,0
B_15957_12859_274_443_87,1,0,1,0,0,0,0,1
B_6574_12586_735_613_80,0,0,0,0,0,0,0,0
B_6841_8708_788_248_1,0,0,0,0,1,0,0,1
B_6807_8941_767_218_1,0,0,0,0,0,0,0,0
B_14423_3820_648_321_44,1,0,6,0,0,0,0,6
B_175_4766_1698_412_87,0,0,0,0,0,0,0,0
B_7706_4443_894_471_73,1,0,14,0,0,0,0,14
B_7689_2769_749_467_65,1,0,26,0,0,0,0,26
B_15927_11459_829_563_84,1,0,48,0,0,0,0,48
B_6352_4039_591_674_73,1,0,1,0,0,0,0,1
B_10888_8552_367_514_77,1,0,0,0,0,0,0,0
B_8098_6419_398_613_79,1,0,9,0,0,0,0,9
