Building ID,construction_site,flower_pot,open_tank,polythene,reservoir,tyres,Object Count
B_11487_12735_1436_1581_81,0,29,0,0,0,0,29
B_9745_11819_1298_1325_79,0,39,0,0,0,0,39
B_4492_7936_1317_1036_4,0,32,0,0,0,0,32
B_2485_5676_1113_1170_90,0,0,0,0,0,0,0
B_2434_5111_982_1213_90,0,0,0,0,0,0,0
B_4764_12906_1565_707_90,0,28,0,0,0,0,28
B_5931_5698_1274_777_79,0,0,0,0,0,0,0
B_11202_8725_974_1012_67,0,21,0,0,0,0,21
B_10676_10520_793_1169_90,0,4,0,0,0,0,4
B_7763_7463_1126_782_90,0,6,0,0,0,0,6
B_12777_7812_1070_804_69,0,131,0,0,1,0,132
B_5705_11502_1000_786_90,0,1,0,0,0,0,1
B_9252_3399_874_890_74,0,1,0,0,0,0,1
B_10304_7186_621_1156_90,0,11,1,0,0,0,12
B_13646_2580_824_864_56,0,0,0,0,0,0,0
B_8738_9861_661_1024_82,0,0,0,0,0,0,0
B_6836_7064_857_788_3,0,5,0,0,0,0,5
B_14859_8613_620_1085_82,0,0,0,0,0,0,0
B_4336_11473_956_691_81,0,44,0,1,0,0,45
B_4073_9941_881_740_83,0,0,0,0,0,0,0
B_8176_4339_1017_616_90,0,9,0,0,0,0,9
B_4790_10074_1118_557_81,0,0,0,0,0,0,0
B_4868_11270_497_1221_0,0,45,0,0,0,0,45
B_6697_12615_646_938_90,0,0,0,0,0,0,0
B_10928_2139_579_1000_54,0,6,1,0,0,0,7
B_10283_13041_700_801_81,0,0,0,0,0,0,0
B_5294_2519_971_552_76,0,26,0,0,0,0,26
B_1864_11248_1051_504_88,0,1,0,0,0,0,1
B_9134_9182_630_838_90,0,54,0,0,0,0,54
B_12811_13031_598_878_90,0,9,0,0,0,0,9
B_6395_10851_836_627_86,0,0,0,0,0,0,0
B_8693_7239_1066_488_15,0,29,0,0,0,0,29
B_5855_2424_887_575_76,0,16,0,0,0,0,16
B_9331_1781_666_747_56,0,0,0,0,0,0,0
B_8022_11840_623_778_85,0,53,0,0,0,0,53
B_6571_11651_702_686_90,0,2,0,0,0,0,2
B_15922_11452_853_563_84,0,57,0,0,0,0,57
B_7147_5460_654_716_83,0,38,0,0,0,0,38
B_5689_9308_1144_408_0,0,0,0,0,0,0,0
B_5223_12546_888_516_87,0,45,0,0,0,0,45
B_10342_1022_761_599_54,0,43,0,0,0,0,43
B_10583_1708_493_921_52,0,33,0,0,0,0,33
B_2139_12367_646_702_90,0,5,0,0,0,0,5
B_9462_2773_532_828_72,0,2,0,0,0,0,2
B_2905_11503_783_562_81,0,17,0,0,0,0,17
B_10088_8123_497_883_76,0,0,0,0,0,0,0
B_14131_11547_558_782_90,0,0,0,0,0,0,0
B_7701_4438_894_486_72,0,9,0,0,0,0,9
B_9230_10519_593_730_77,0,10,0,5,0,0,15
B_3327_12502_853_501_90,0,14,0,0,0,0,14
B_14229_5271_577_737_79,0,4,1,1,0,0,6
B_13416_11925_691_614_85,0,0,0,0,0,1,1
B_11933_4282_612_688_63,0,9,0,0,0,0,9
B_3523_2740_658_638_90,0,9,0,1,0,1,11
B_8713_6771_398_1042_90,7,2,0,0,0,0,9
B_5442_3768_650_637_90,0,0,0,0,0,0,0
B_4458_2233_391_1056_76,0,0,0,0,0,0,0
B_12049_13555_462_890_85,0,14,0,1,0,0,15
B_5696_13545_461_890_90,0,5,0,0,0,1,6
B_13239_3658_722_568_58,1,6,3,0,0,0,10
B_15337_6840_535_764_78,0,6,0,0,0,0,6
B_7699_9795_558_734_90,0,12,0,0,0,0,12
B_6355_4042_605_675_72,0,0,0,0,0,0,0
B_11563_9248_460_878_76,0,0,0,0,0,0,0
B_14260_5847_582_688_75,0,42,0,1,0,0,43
B_14950_10048_468_852_83,0,10,0,0,0,0,10
B_13525_5996_491_810_78,0,44,0,0,0,0,44
B_7485_12605_626_634_90,0,0,0,0,0,0,0
B_9733_2273_562_699_61,0,20,0,0,0,0,20
B_1994_7693_1070_366_86,0,0,0,0,0,0,0
B_9876_1284_1024_380_57,0,41,0,0,0,0,41
B_1730_13066_621_621_90,0,3,0,0,0,0,3
B_13541_6745_842_458_90,0,40,0,0,0,0,40
B_15862_8470_608_634_82,0,0,0,0,0,0,0
B_13347_13301_467_821_82,0,0,0,0,0,0,0
B_12434_3324_699_545_61,0,0,0,0,0,0,0
B_14489_6481_527_721_77,0,0,0,0,0,0,0
B_5806_12604_667_566_82,0,0,0,0,0,0,0
B_14751_11586_453_829_0,0,0,0,0,0,0,0
B_15733_10387_750_502_90,0,0,0,0,0,0,0
B_7675_9162_462_814_90,0,29,2,0,0,0,31
B_4236_10713_578_646_87,0,0,0,0,0,0,0
B_10473_4501_459_809_0,0,0,0,0,0,0,0
B_4554_3005_331_1118_80,0,16,0,0,0,0,16
B_11550_2306_556_660_66,0,0,0,0,0,0,0
B_1596_8889_650_560_90,0,0,0,0,0,0,0
B_13082_9421_600_600_76,0,0,0,0,0,0,0
B_7691_2767_768_469_66,0,23,0,0,0,0,23
B_6853_7662_812_442_3,0,20,0,0,0,0,20
B_11758_7780_460_765_69,0,14,0,0,0,0,14
B_11501_3727_755_466_58,0,31,0,0,0,0,31
B_12799_3829_530_662_90,0,12,0,0,0,0,12
B_9549_12373_467_741_79,0,8,0,0,0,0,8
B_10871_8489_594_582_90,0,0,0,0,0,0,0
B_8732_3699_631_547_73,3,0,0,0,3,0,6
B_12201_7116_492_698_73,7,0,0,1,0,0,8
B_2082_3239_694_495_90,0,3,0,0,0,0,3
B_6155_6701_930_366_90,0,0,0,0,0,0,0
B_12391_8972_591_574_70,0,7,0,0,0,0,7
B_13010_1921_528_641_57,0,0,0,0,0,0,0
B_7383_2987_798_422_90,0,4,0,0,0,0,4
B_15198_10586_652_513_85,0,16,0,0,0,0,16
B_6107_8509_634_526_90,0,0,0,0,0,0,0
B_7751_8203_478_694_90,0,31,0,0,0,0,31
B_12866_6854_486_676_71,0,24,0,1,0,0,25
B_15283_6328_368_894_90,0,34,0,0,0,0,34
B_11390_5060_407_807_72,0,53,0,0,0,0,53
B_1523_2813_514_638_90,0,0,0,0,0,0,0
B_14074_4394_704_461_45,0,0,0,0,0,0,0
B_1561_7008_1061_306_86,0,0,0,0,0,0,0
B_13161_5581_443_727_66,0,25,2,0,0,0,27
B_16045_9279_698_460_86,0,0,0,0,0,0,0
B_10829_11871_647_493_72,0,7,0,0,0,0,7
B_3717_11831_422_754_90,0,0,0,1,0,0,1
B_12738_6342_415_758_79,0,26,0,0,0,0,26
B_8137_13763_544_578_90,0,0,0,0,0,0,0
B_13652_8045_545_573_75,0,3,0,0,0,0,3
B_219_4691_849_365_90,0,0,0,0,0,0,0
B_15543_9351_680_457_82,0,23,0,1,0,0,24
B_12027_5305_492_629_63,0,13,0,0,0,0,13
B_9972_9509_579_530_90,0,11,0,0,0,0,11
B_13873_10337_370_827_85,0,0,0,2,0,0,2
B_2988_3026_771_385_84,0,22,0,0,0,0,22
B_10108_2722_543_547_57,0,0,0,0,0,0,0
B_9733_10814_464_622_78,0,14,0,0,0,0,14
B_3893_3969_714_402_90,0,0,0,0,0,0,0
B_6616_4631_701_406_74,0,23,0,0,0,0,23
B_7740_10305_404_706_87,0,3,0,0,0,0,3
B_7020_4594_836_339_70,0,17,0,0,0,0,17
B_6847_9306_613_461_0,0,0,0,0,0,0,0
B_10966_4201_490_576_70,0,1,0,0,0,0,1
B_8089_13299_517_545_81,0,0,0,0,0,0,0
B_12971_8821_520_536_78,0,27,0,0,0,0,27
B_6970_13622_815_341_80,0,6,0,0,0,0,6
B_6573_13652_658_421_81,0,14,0,0,0,0,14
B_2346_11099_618_448_88,0,16,0,0,0,0,16
B_14573_4673_408_679_34,0,0,0,0,0,0,0
B_8919_12054_440_623_79,0,0,0,0,0,0,0
B_14395_8055_514_529_78,0,39,0,0,0,0,39
B_14601_9432_675_399_81,0,3,0,0,0,0,3
B_10930_7590_630_426_54,0,3,0,0,0,1,4
B_12863_5290_340_790_90,0,1,0,0,0,0,1
B_7240_3718_556_481_69,0,0,0,0,0,0,0
B_6556_3355_607_439_77,0,6,0,0,0,0,6
B_8502_3109_574_465_72,0,1,1,0,0,0,2
B_8745_11581_512_519_78,0,0,0,0,0,0,0
B_7931_11308_373_711_81,0,6,0,0,0,0,6
B_9927_8604_467_568_83,0,17,0,0,0,0,17
B_15010_9378_771_343_82,0,0,0,0,0,0,0
B_8971_3041_653_403_67,0,2,0,0,0,0,2
B_8959_13282_478_551_90,0,0,0,0,0,0,0
B_8712_6326_404_648_77,0,12,0,0,0,0,12
B_11579_2896_555_471_67,0,13,0,0,0,0,13
B_9107_8715_286_910_90,0,7,0,0,0,0,7
B_8099_6436_429_604_78,0,11,0,0,0,0,11
B_15407_12036_497_517_90,0,7,0,4,0,0,11
B_6560_2365_524_490_68,0,0,0,0,0,1,1
B_9092_2336_463_552_67,0,6,0,0,0,0,6
B_14766_12826_462_550_90,0,26,0,0,0,0,26
B_13957_7044_455_552_79,0,0,0,0,0,1,1
B_4555_9358_276_910_90,0,0,0,0,0,0,0
B_15186_5706_654_382_90,0,0,0,0,0,0,0
B_7401_13394_429_581_81,0,0,0,0,0,0,0
B_10534_11246_614_403_70,0,38,0,0,0,0,38
B_2835_10971_414_590_90,0,0,0,0,0,0,0
B_14581_6978_451_539_83,0,0,0,0,0,0,0
B_11117_3111_516_470_63,0,8,0,0,0,0,8
B_8964_12486_485_497_90,0,1,0,0,0,0,1
B_9562_13098_416_581_78,0,0,0,0,0,0,0
B_14747_12303_502_478_90,0,9,0,0,0,0,9
B_7265_5923_684_347_5,0,8,0,0,0,0,8
B_10940_2601_387_613_63,0,14,0,0,0,0,14
B_7969_12512_617_381_81,0,0,0,0,0,0,0
B_8624_5939_373_623_79,0,2,0,0,0,0,2
B_6583_5430_573_406_86,0,27,0,0,0,0,27
B_14416_3825_673_346_45,0,14,0,0,0,0,14
B_12919_12523_462_502_90,0,0,0,0,0,0,0
B_12931_4952_329_701_90,0,17,0,0,0,0,17
B_8606_11024_452_508_78,0,15,0,0,0,0,15
B_14821_7442_480_478_79,0,27,0,0,0,0,27
B_10442_8562_396_575_0,0,0,0,0,0,0,0
B_6830_6516_866_262_4,0,13,0,0,0,0,13
B_10085_4005_466_487_75,0,1,0,0,0,0,1
B_2133_9808_640_355_85,0,1,0,0,0,0,1
B_2805_14052_562_404_90,0,0,0,0,0,0,0
B_9931_4234_268_846_90,0,0,0,0,0,0,0
B_9137_10938_434_522_78,0,0,0,0,0,0,0
B_15424_7930_441_513_82,0,0,0,2,0,0,2
B_7990_10792_526_429_80,0,3,0,0,0,0,3
B_12204_13115_534_421_68,0,0,0,0,0,0,0
B_2776_9242_585_381_0,0,0,0,0,0,0,0
B_6138_3522_499_446_73,0,10,0,0,0,0,10
B_13513_7550_467_477_79,0,50,0,0,0,0,50
B_6254_7694_1045_213_90,0,0,0,0,0,0,0
B_12461_2355_676_329_58,0,0,0,0,0,0,0
B_4244_12467_750_296_90,0,0,0,0,0,0,0
B_7989_3414_648_342_69,0,21,0,0,0,0,21
B_6948_3218_608_363_73,0,16,0,0,0,0,16
B_14791_5750_613_357_90,0,9,1,0,0,0,10
B_13659_9369_453_478_78,0,17,0,0,0,0,17
B_10773_4778_391_552_71,0,0,0,0,0,0,0
B_11901_5946_450_479_67,0,12,0,0,0,0,12
B_10760_8152_491_438_68,0,0,0,0,0,0,0
B_14909_7988_508_422_76,0,32,0,0,0,0,32
B_10626_3826_354_599_77,0,4,0,0,0,0,4
B_6331_9759_390_542_90,0,1,0,0,0,0,1
B_8365_12470_613_338_90,0,0,0,0,0,0,0
B_7650_3558_610_340_69,0,22,0,0,0,0,22
B_2675_12371_622_334_90,0,9,0,0,0,0,9
B_13099_2932_692_295_60,0,0,0,0,0,0,0
B_9236_373_438_462_65,0,0,0,0,0,0,0
B_11441_6118_410_491_70,0,0,1,0,0,0,1
B_1949_8722_193_1037_0,0,0,0,0,0,0,0
B_11084_6952_391_513_77,0,8,0,0,0,0,8
B_13676_5425_533_376_68,0,1,0,0,0,0,1
B_12591_4884_296_676_60,0,16,0,0,0,0,16
B_4859_3696_360_553_84,0,0,0,0,0,0,0
B_16149_9910_491_402_81,0,0,0,0,0,0,0
B_15447_12819_366_534_90,0,14,0,0,0,0,14
B_10906_11168_543_357_71,0,2,0,0,0,0,2
B_6809_3834_578_335_68,0,31,0,0,0,0,31
B_9387_9838_580_334_90,0,0,0,0,0,0,0
B_11668_7267_469_409_74,0,16,0,0,0,0,16
B_13892_6522_482_395_76,0,0,0,0,0,0,0
B_6057_7731_1118_170_90,0,0,0,0,0,0,0
B_12180_6405_598_316_64,0,14,0,1,0,0,15
B_15229_11431_726_258_90,0,0,0,0,0,0,0
B_10292_9099_459_401_79,0,0,0,0,0,0,0
B_12138_2544_574_321_56,0,19,0,0,0,0,19
B_13422_12423_378_486_83,0,0,0,0,0,0,0
B_10671_7041_593_309_77,0,0,0,0,0,0,0
B_15560_7355_396_461_0,0,11,1,0,0,0,12
B_1591_7871_469_389_90,0,0,0,0,0,0,0
B_2119_2711_342_534_90,0,7,0,0,0,0,7
B_15443_12459_334_542_90,0,4,0,2,0,0,6
B_9945_7709_324_553_81,0,3,0,0,0,0,3
B_13204_4402_513_348_55,0,18,0,0,0,0,18
B_12336_5715_374_475_64,0,0,0,0,0,0,0
B_1703_3473_458_387_78,0,0,0,0,0,0,0
B_5345_1853_346_511_78,0,0,0,0,0,0,0
B_10411_3113_396_445_66,0,7,0,0,0,0,7
B_4313_2660_331_526_77,0,0,0,0,0,0,0
B_12402_4634_246_702_64,0,0,0,1,0,0,1
B_2925_2238_468_365_84,0,0,0,0,0,0,0
B_11189_8028_409_417_65,0,8,0,0,0,0,8
B_14747_13255_310_542_90,0,0,0,0,0,0,0
B_7021_10048_377_435_90,0,0,0,0,0,0,0
B_10328_9536_340_483_77,0,23,0,0,0,0,23
B_12479_12501_426_374_90,0,0,0,0,0,0,0
B_4838_2554_424_371_76,0,0,0,0,0,0,0
B_1551_4947_302_518_90,0,0,0,0,0,0,0
B_3378_3140_430_363_83,0,10,0,1,0,0,11
B_11909_6532_590_264_64,0,6,0,0,0,0,6
B_15491_13175_270_574_90,0,0,0,0,0,0,0
B_14430_7496_476_325_71,0,0,0,0,0,0,0
B_3511_9125_178_870_90,0,0,0,0,0,0,0
B_11267_11150_530_292_78,0,0,0,0,0,0,0
B_14078_7537_463_320_73,0,0,0,0,0,0,0
B_5371_8346_300_494_90,0,0,0,0,0,0,0
B_15944_12858_302_478_90,0,0,0,0,0,0,0
B_2595_2873_394_366_90,0,11,0,0,0,0,11
B_6175_13959_342_406_90,0,4,0,0,0,0,4
B_3330_2234_365_366_90,0,0,0,0,0,0,0
B_1966_6981_370_356_90,0,0,0,0,0,0,0
B_2682_12891_317_413_90,0,7,0,0,0,0,7
B_7478_6582_449_286_2,0,0,0,0,0,0,0
B_5216_11576_193_649_0,0,17,0,0,0,0,17
B_7511_13891_190_630_90,0,0,0,0,0,0,0
B_1603_8263_310_366_90,0,0,0,0,0,0,0
B_15189_13387_334_338_90,0,0,0,0,0,0,0
B_7985_6810_268_410_90,0,0,0,0,0,0,0
B_15926_13230_358_278_90,0,0,0,0,0,0,0
B_6881_6212_291_338_8,0,2,0,0,0,0,2
B_3619_2180_377_251_85,0,0,0,0,0,0,0
B_12787_2951_238_382_90,0,0,0,0,0,0,0
B_2246_13204_225_384_85,0,2,0,0,0,0,2
B_11299_13631_333_258_77,0,13,0,0,0,0,13
B_4191_4167_134_630_90,0,0,0,0,0,0,0
B_15476_8654_356_228_90,0,0,0,0,0,0,0
B_8433_8105_170_458_90,0,0,0,0,0,0,0
B_12193_3970_412_186_90,0,4,1,0,0,0,5
B_5477_13233_453_153_0,0,3,0,0,0,1,4
B_2103_9319_198_342_90,1,0,0,0,0,0,1
B_12917_4171_142_434_90,0,3,0,0,0,0,3
B_15452_8354_269_181_90,0,0,0,0,0,0,0
B_2207_10173_130_374_90,0,0,0,0,0,0,0
B_14255_13611_142_342_90,0,7,0,0,0,0,7
B_10309_12454_95_490_80,0,0,0,0,0,0,0
B_12204_9422_213_161_90,0,0,0,0,0,0,0
B_13257_7605_306_106_90,0,0,0,0,0,0,0
B_1522_6113_58_364_90,0,0,0,0,0,0,0
B_15534_6104_245_73_0,0,0,0,0,0,0,0
B_12253_7560_264_66_90,0,0,0,0,0,0,0
B_10201_9983_182_74_90,0,0,0,0,0,0,0
B_7053_4073_42_226_90,0,0,0,0,0,0,0
B_7311_5101_34_278_90,0,0,0,0,0,0,0
B_8173_12280_217_33_90,0,0,0,0,0,0,0
